{"cameraMode":{"drawMode":0,"name":"Shaded","section":"Shading Mode"},"sceneLighting":false,"audioPlay":false,"sceneViewState":{"m_AlwaysRefresh":false,"showFog":true,"showSkybox":false,"showFlares":true,"showImageEffects":true,"showParticleSystems":true,"showVisualEffectGraphs":true,"m_FxEnabled":true},"in2DMode":false,"pivot":{"x":-5.960464477539063e-7,"y":1.249996542930603,"z":-0.000003039836883544922},"rotation":{"x":-0.10927025973796845,"y":0.8839255571365356,"z":-0.37457916140556338,"w":-0.25803983211517336},"size":3.8160886764526369,"orthographic":false}