{"cameraMode":{"drawMode":0,"name":"Shaded","section":"Shading Mode"},"sceneLighting":true,"audioPlay":false,"sceneViewState":{"m_AlwaysRefresh":false,"showFog":true,"showSkybox":true,"showFlares":true,"showImageEffects":true,"showParticleSystems":true,"showVisualEffectGraphs":true,"m_FxEnabled":true},"in2DMode":false,"pivot":{"x":-10.458558082580567,"y":0.16700658202171327,"z":-35.35734558105469},"rotation":{"x":-0.028208119794726373,"y":0.9553859233856201,"z":-0.2772311270236969,"w":-0.10122969001531601},"size":22.402359008789064,"orthographic":false}