{"cameraMode":{"drawMode":0,"name":"Shaded","section":"Shading Mode"},"sceneLighting":false,"audioPlay":false,"sceneViewState":{"m_AlwaysRefresh":false,"showFog":true,"showSkybox":false,"showFlares":true,"showImageEffects":true,"showParticleSystems":true,"showVisualEffectGraphs":true,"m_FxEnabled":true},"in2DMode":false,"pivot":{"x":2.980232238769531e-7,"y":0.1824963092803955,"z":-5.960464477539063e-7},"rotation":{"x":-0.10927025973796845,"y":0.8839255571365356,"z":-0.37457916140556338,"w":-0.25803983211517336},"size":2.7741353511810304,"orthographic":false}